step,local_time,ghi,elevation,azimuth,t2m,led,sun_angle
0,2013-06-03 00:00:00,0.0,-34.51,337.54,22.8,0,180
1,2013-06-03 00:02:24,0.0,-34.64,338.21,22.76,0,180
2,2013-06-03 00:04:48,0.0,-34.76,338.88,22.72,0,180
3,2013-06-03 00:07:12,0.0,-34.89,339.55,22.68,0,180
4,2013-06-03 00:09:36,0.0,-35.02,340.22,22.65,0,180
5,2013-06-03 00:12:00,0.0,-35.15,340.89,22.61,0,180
6,2013-06-03 00:14:24,0.0,-35.27,341.56,22.57,0,180
7,2013-06-03 00:16:48,0.0,-35.4,342.23,22.53,0,180
8,2013-06-03 00:19:12,0.0,-35.53,342.9,22.49,0,180
9,2013-06-03 00:21:36,0.0,-35.66,343.56,22.45,0,180
10,2013-06-03 00:24:00,0.0,-35.78,344.23,22.42,0,180
11,2013-06-03 00:26:24,0.0,-35.91,344.9,22.38,0,180
12,2013-06-03 00:28:48,0.0,-36.04,345.57,22.34,0,180
13,2013-06-03 00:31:12,0.0,-36.17,346.24,22.3,0,180
14,2013-06-03 00:33:36,0.0,-36.29,346.91,22.26,0,180
15,2013-06-03 00:36:00,0.0,-36.42,347.58,22.22,0,180
16,2013-06-03 00:38:24,0.0,-36.55,348.25,22.19,0,180
17,2013-06-03 00:40:48,0.0,-36.68,348.92,22.15,0,180
18,2013-06-03 00:43:12,0.0,-36.8,349.59,22.11,0,180
19,2013-06-03 00:45:36,0.0,-36.93,350.26,22.07,0,180
20,2013-06-03 00:48:00,0.0,-37.06,350.93,22.03,0,180
21,2013-06-03 00:50:24,0.0,-37.19,351.6,21.99,0,180
22,2013-06-03 00:52:48,0.0,-37.31,352.26,21.96,0,180
23,2013-06-03 00:55:12,0.0,-37.44,352.93,21.92,0,180
24,2013-06-03 00:57:36,0.0,-37.57,353.6,21.88,0,180
25,2013-06-03 01:00:00,0.0,-37.7,354.27,21.84,0,180
26,2013-06-03 01:02:24,0.0,-37.67,340.57,21.81,0,180
27,2013-06-03 01:04:48,0.0,-37.64,326.87,21.77,0,180
28,2013-06-03 01:07:12,0.0,-37.61,313.17,21.74,0,180
29,2013-06-03 01:09:36,0.0,-37.59,299.46,21.7,0,180
30,2013-06-03 01:12:00,0.0,-37.56,285.76,21.67,0,180
31,2013-06-03 01:14:24,0.0,-37.53,272.06,21.64,0,180
32,2013-06-03 01:16:48,0.0,-37.5,258.36,21.6,0,180
33,2013-06-03 01:19:12,0.0,-37.47,244.66,21.57,0,180
34,2013-06-03 01:21:36,0.0,-37.45,230.95,21.53,0,180
35,2013-06-03 01:24:00,0.0,-37.42,217.25,21.5,0,180
36,2013-06-03 01:26:24,0.0,-37.39,203.55,21.47,0,180
37,2013-06-03 01:28:48,0.0,-37.36,189.85,21.43,0,180
38,2013-06-03 01:31:12,0.0,-37.34,176.15,21.4,0,0
39,2013-06-03 01:33:36,0.0,-37.31,162.44,21.36,0,0
40,2013-06-03 01:36:00,0.0,-37.28,148.74,21.33,0,0
41,2013-06-03 01:38:24,0.0,-37.25,135.04,21.3,0,0
42,2013-06-03 01:40:48,0.0,-37.23,121.34,21.26,0,0
43,2013-06-03 01:43:12,0.0,-37.2,107.63,21.23,0,0
44,2013-06-03 01:45:36,0.0,-37.17,93.93,21.19,0,0
45,2013-06-03 01:48:00,0.0,-37.14,80.23,21.16,0,0
46,2013-06-03 01:50:24,0.0,-37.12,66.53,21.13,0,0
47,2013-06-03 01:52:48,0.0,-37.09,52.83,21.09,0,0
48,2013-06-03 01:55:12,0.0,-37.06,39.12,21.06,0,0
49,2013-06-03 01:57:36,0.0,-37.03,25.42,21.02,0,0
50,2013-06-03 02:00:00,0.0,-37.01,11.72,20.99,0,0
51,2013-06-03 02:02:24,0.0,-36.83,12.36,20.97,0,0
52,2013-06-03 02:04:48,0.0,-36.65,13.0,20.95,0,0
53,2013-06-03 02:07:12,0.0,-36.47,13.64,20.93,0,0
54,2013-06-03 02:09:36,0.0,-36.3,14.28,20.91,0,0
55,2013-06-03 02:12:00,0.0,-36.12,14.93,20.9,0,0
56,2013-06-03 02:14:24,0.0,-35.94,15.57,20.88,0,0
57,2013-06-03 02:16:48,0.0,-35.77,16.21,20.86,0,0
58,2013-06-03 02:19:12,0.0,-35.59,16.85,20.84,0,0
59,2013-06-03 02:21:36,0.0,-35.41,17.49,20.82,0,0
60,2013-06-03 02:24:00,0.0,-35.23,18.13,20.8,0,0
61,2013-06-03 02:26:24,0.0,-35.06,18.77,20.78,0,0
62,2013-06-03 02:28:48,0.0,-34.88,19.41,20.76,0,0
63,2013-06-03 02:31:12,0.0,-34.7,20.05,20.75,0,0
64,2013-06-03 02:33:36,0.0,-34.53,20.7,20.73,0,0
65,2013-06-03 02:36:00,0.0,-34.35,21.34,20.71,0,0
66,2013-06-03 02:38:24,0.0,-34.17,21.98,20.69,0,0
67,2013-06-03 02:40:48,0.0,-33.99,22.62,20.67,0,0
68,2013-06-03 02:43:12,0.0,-33.82,23.26,20.65,0,0
69,2013-06-03 02:45:36,0.0,-33.64,23.9,20.63,0,0
70,2013-06-03 02:48:00,0.0,-33.46,24.54,20.61,0,0
71,2013-06-03 02:50:24,0.0,-33.29,25.18,20.6,0,0
72,2013-06-03 02:52:48,0.0,-33.11,25.82,20.58,0,0
73,2013-06-03 02:55:12,0.0,-32.93,26.47,20.56,0,0
74,2013-06-03 02:57:36,0.0,-32.76,27.11,20.54,0,0
75,2013-06-03 03:00:00,0.0,-32.58,27.75,20.52,0,0
76,2013-06-03 03:02:24,0.0,-32.28,28.28,20.51,0,0
77,2013-06-03 03:04:48,0.0,-31.99,28.82,20.5,0,0
78,2013-06-03 03:07:12,0.0,-31.69,29.36,20.48,0,0
79,2013-06-03 03:09:36,0.0,-31.39,29.9,20.47,0,0
80,2013-06-03 03:12:00,0.0,-31.1,30.43,20.46,0,0
81,2013-06-03 03:14:24,0.0,-30.8,30.97,20.45,0,0
82,2013-06-03 03:16:48,0.0,-30.51,31.51,20.43,0,0
83,2013-06-03 03:19:12,0.0,-30.21,32.04,20.42,0,0
84,2013-06-03 03:21:36,0.0,-29.92,32.58,20.41,0,0
85,2013-06-03 03:24:00,0.0,-29.62,33.12,20.4,0,0
86,2013-06-03 03:26:24,0.0,-29.32,33.65,20.38,0,0
87,2013-06-03 03:28:48,0.0,-29.03,34.19,20.37,0,0
88,2013-06-03 03:31:12,0.0,-28.73,34.73,20.36,0,0
89,2013-06-03 03:33:36,0.0,-28.44,35.26,20.35,0,0
90,2013-06-03 03:36:00,0.0,-28.14,35.8,20.33,0,0
91,2013-06-03 03:38:24,0.0,-27.84,36.34,20.32,0,0
92,2013-06-03 03:40:48,0.0,-27.55,36.87,20.31,0,0
93,2013-06-03 03:43:12,0.0,-27.25,37.41,20.3,0,0
94,2013-06-03 03:45:36,0.0,-26.96,37.95,20.28,0,0
95,2013-06-03 03:48:00,0.0,-26.66,38.48,20.27,0,0
96,2013-06-03 03:50:24,0.0,-26.36,39.02,20.26,0,0
97,2013-06-03 03:52:48,0.0,-26.07,39.56,20.25,0,0
98,2013-06-03 03:55:12,0.0,-25.77,40.09,20.23,0,0
99,2013-06-03 03:57:36,0.0,-25.48,40.63,20.22,0,0
100,2013-06-03 04:00:00,0.0,-25.18,41.17,20.21,0,0
101,2013-06-03 04:02:24,0.0,-24.8,41.6,20.2,0,0
102,2013-06-03 04:04:48,0.0,-24.42,42.03,20.2,0,0
103,2013-06-03 04:07:12,0.0,-24.04,42.47,20.19,0,0
104,2013-06-03 04:09:36,0.0,-23.66,42.9,20.18,0,0
105,2013-06-03 04:12:00,0.0,-23.29,43.33,20.18,0,0
106,2013-06-03 04:14:24,0.0,-22.91,43.76,20.17,0,0
107,2013-06-03 04:16:48,0.0,-22.53,44.2,20.16,0,0
108,2013-06-03 04:19:12,0.0,-22.15,44.63,20.16,0,0
109,2013-06-03 04:21:36,0.0,-21.77,45.06,20.15,0,0
110,2013-06-03 04:24:00,0.0,-21.39,45.5,20.14,0,0
111,2013-06-03 04:26:24,0.0,-21.01,45.93,20.14,0,0
112,2013-06-03 04:28:48,0.0,-20.63,46.36,20.13,0,0
113,2013-06-03 04:31:12,0.0,-20.25,46.79,20.12,0,0
114,2013-06-03 04:33:36,0.0,-19.87,47.23,20.11,0,0
115,2013-06-03 04:36:00,0.0,-19.5,47.66,20.11,0,0
116,2013-06-03 04:38:24,0.0,-19.12,48.09,20.1,0,0
117,2013-06-03 04:40:48,0.0,-18.74,48.53,20.09,0,0
118,2013-06-03 04:43:12,0.0,-18.36,48.96,20.09,0,0
119,2013-06-03 04:45:36,0.0,-17.98,49.39,20.08,0,0
120,2013-06-03 04:48:00,0.0,-17.6,49.82,20.07,0,0
121,2013-06-03 04:50:24,0.0,-17.22,50.26,20.07,0,0
122,2013-06-03 04:52:48,0.0,-16.84,50.69,20.06,0,0
123,2013-06-03 04:55:12,0.0,-16.46,51.12,20.05,0,0
124,2013-06-03 04:57:36,0.0,-16.08,51.56,20.05,0,0
125,2013-06-03 05:00:00,0.0,-15.7,51.99,20.04,0,0
126,2013-06-03 05:02:24,0.0,-15.27,52.34,20.03,0,0
127,2013-06-03 05:04:48,0.0,-14.84,52.69,20.01,0,0
128,2013-06-03 05:07:12,0.0,-14.4,53.04,20.0,0,0
129,2013-06-03 05:09:36,0.0,-13.97,53.39,19.99,0,0
130,2013-06-03 05:12:00,0.0,-13.53,53.75,19.98,0,0
131,2013-06-03 05:14:24,0.0,-13.1,54.1,19.96,0,0
132,2013-06-03 05:16:48,0.0,-12.67,54.45,19.95,0,0
133,2013-06-03 05:19:12,0.0,-12.23,54.8,19.94,0,0
134,2013-06-03 05:21:36,0.0,-11.8,55.15,19.92,0,0
135,2013-06-03 05:24:00,0.0,-11.36,55.5,19.91,0,0
136,2013-06-03 05:26:24,0.0,-10.93,55.85,19.9,0,0
137,2013-06-03 05:28:48,0.0,-10.5,56.2,19.89,0,0
138,2013-06-03 05:31:12,0.0,-10.06,56.56,19.87,0,0
139,2013-06-03 05:33:36,0.0,-9.63,56.91,19.86,0,0
140,2013-06-03 05:36:00,0.0,-9.19,57.26,19.85,0,0
141,2013-06-03 05:38:24,0.0,-8.76,57.61,19.84,0,0
142,2013-06-03 05:40:48,0.0,-8.32,57.96,19.82,0,0
143,2013-06-03 05:43:12,0.0,-7.89,58.31,19.81,0,0
144,2013-06-03 05:45:36,0.0,-7.46,58.66,19.8,0,0
145,2013-06-03 05:48:00,0.0,-7.02,59.02,19.78,0,0
146,2013-06-03 05:50:24,0.0,-6.59,59.37,19.77,0,0
147,2013-06-03 05:52:48,0.0,-6.15,59.72,19.76,0,0
148,2013-06-03 05:55:12,0.0,-5.72,60.07,19.75,0,0
149,2013-06-03 05:57:36,0.0,-5.29,60.42,19.73,0,0
150,2013-06-03 06:00:00,0.0,-4.85,60.77,19.72,0,0
151,2013-06-03 06:02:24,2.9,-4.38,61.07,19.72,1,0
152,2013-06-03 06:04:48,5.8,-3.9,61.36,19.73,1,0
153,2013-06-03 06:07:12,8.6,-3.43,61.66,19.73,2,0
154,2013-06-03 06:09:36,11.5,-2.95,61.95,19.74,3,0
155,2013-06-03 06:12:00,14.4,-2.48,62.25,19.74,4,0
156,2013-06-03 06:14:24,17.3,-2.0,62.54,19.75,4,0
157,2013-06-03 06:16:48,20.2,-1.53,62.84,19.75,5,0
158,2013-06-03 06:19:12,23.0,-1.05,63.13,19.76,6,0
159,2013-06-03 06:21:36,25.9,-0.58,63.43,19.76,7,0
160,2013-06-03 06:24:00,28.8,-0.1,63.72,19.76,7,0
161,2013-06-03 06:26:24,31.7,0.37,64.02,19.77,8,0
162,2013-06-03 06:28:48,34.6,0.85,64.31,19.77,9,1
163,2013-06-03 06:31:12,37.4,1.32,64.61,19.78,10,1
164,2013-06-03 06:33:36,40.3,1.8,64.9,19.78,10,2
165,2013-06-03 06:36:00,43.2,2.27,65.2,19.79,11,3
166,2013-06-03 06:38:24,46.1,2.75,65.49,19.79,12,3
167,2013-06-03 06:40:48,49.0,3.22,65.79,19.79,12,4
168,2013-06-03 06:43:12,51.8,3.7,66.08,19.8,13,4
169,2013-06-03 06:45:36,54.7,4.17,66.38,19.8,14,5
170,2013-06-03 06:48:00,57.6,4.65,66.67,19.81,15,5
171,2013-06-03 06:50:24,60.5,5.12,66.96,19.81,15,6
172,2013-06-03 06:52:48,63.4,5.6,67.26,19.82,16,6
173,2013-06-03 06:55:12,66.2,6.07,67.55,19.82,17,7
174,2013-06-03 06:57:36,69.1,6.55,67.85,19.83,18,7
175,2013-06-03 07:00:00,72.0,7.02,68.14,19.83,18,8
176,2013-06-03 07:02:24,80.0,7.51,68.4,19.95,20,8
177,2013-06-03 07:04:48,88.1,8.01,68.66,20.06,22,9
178,2013-06-03 07:07:12,96.1,8.5,68.92,20.18,25,9
179,2013-06-03 07:09:36,104.2,8.99,69.18,20.29,27,10
180,2013-06-03 07:12:00,112.2,9.48,69.45,20.41,29,10
181,2013-06-03 07:14:24,120.2,9.97,69.71,20.52,31,11
182,2013-06-03 07:16:48,128.3,10.46,69.97,20.64,33,12
183,2013-06-03 07:19:12,136.3,10.95,70.23,20.75,35,12
184,2013-06-03 07:21:36,144.4,11.44,70.49,20.87,37,13
185,2013-06-03 07:24:00,152.4,11.93,70.75,20.98,39,13
186,2013-06-03 07:26:24,160.4,12.42,71.01,21.1,41,14
187,2013-06-03 07:28:48,168.5,12.91,71.27,21.21,43,14
188,2013-06-03 07:31:12,176.5,13.4,71.53,21.33,45,15
189,2013-06-03 07:33:36,184.6,13.89,71.79,21.44,47,15
190,2013-06-03 07:36:00,192.6,14.38,72.05,21.56,49,16
191,2013-06-03 07:38:24,200.6,14.87,72.31,21.67,51,16
192,2013-06-03 07:40:48,208.7,15.36,72.57,21.79,53,17
193,2013-06-03 07:43:12,216.7,15.85,72.83,21.9,55,18
194,2013-06-03 07:45:36,224.8,16.34,73.09,22.02,57,18
195,2013-06-03 07:48:00,232.8,16.83,73.35,22.13,59,19
196,2013-06-03 07:50:24,240.8,17.32,73.61,22.25,61,19
197,2013-06-03 07:52:48,248.9,17.82,73.87,22.36,63,20
198,2013-06-03 07:55:12,256.9,18.31,74.13,22.48,66,20
199,2013-06-03 07:57:36,265.0,18.8,74.39,22.59,68,21
200,2013-06-03 08:00:00,273.0,19.29,74.65,22.71,70,21
201,2013-06-03 08:02:24,281.7,19.79,74.89,22.82,72,22
202,2013-06-03 08:04:48,290.4,20.3,75.14,22.94,74,22
203,2013-06-03 08:07:12,299.2,20.81,75.39,23.05,76,23
204,2013-06-03 08:09:36,307.9,21.32,75.63,23.17,79,24
205,2013-06-03 08:12:00,316.6,21.83,75.88,23.28,81,24
206,2013-06-03 08:14:24,325.3,22.33,76.12,23.4,83,25
207,2013-06-03 08:16:48,334.0,22.84,76.37,23.51,85,25
208,2013-06-03 08:19:12,342.8,23.35,76.61,23.63,87,26
209,2013-06-03 08:21:36,351.5,23.86,76.86,23.74,90,26
210,2013-06-03 08:24:00,360.2,24.37,77.1,23.86,92,27
211,2013-06-03 08:26:24,368.9,24.87,77.35,23.97,94,27
212,2013-06-03 08:28:48,377.6,25.38,77.6,24.09,96,28
213,2013-06-03 08:31:12,386.4,25.89,77.84,24.2,99,29
214,2013-06-03 08:33:36,395.1,26.4,78.09,24.32,101,29
215,2013-06-03 08:36:00,403.8,26.91,78.33,24.43,103,30
216,2013-06-03 08:38:24,412.5,27.41,78.58,24.55,105,30
217,2013-06-03 08:40:48,421.2,27.92,78.82,24.66,107,31
218,2013-06-03 08:43:12,430.0,28.43,79.07,24.78,110,31
219,2013-06-03 08:45:36,438.7,28.94,79.31,24.89,112,32
220,2013-06-03 08:48:00,447.4,29.45,79.56,25.01,114,33
221,2013-06-03 08:50:24,456.1,29.95,79.81,25.12,116,33
222,2013-06-03 08:52:48,464.8,30.46,80.05,25.24,119,34
223,2013-06-03 08:55:12,473.6,30.97,80.3,25.35,121,34
224,2013-06-03 08:57:36,482.3,31.48,80.54,25.47,123,35
225,2013-06-03 09:00:00,491.0,31.98,80.79,25.58,125,35
226,2013-06-03 09:02:24,499.1,32.5,81.04,25.65,127,36
227,2013-06-03 09:04:48,507.2,33.02,81.3,25.72,129,37
228,2013-06-03 09:07:12,515.2,33.54,81.55,25.79,131,37
229,2013-06-03 09:09:36,523.3,34.05,81.81,25.86,133,38
230,2013-06-03 09:12:00,531.4,34.57,82.07,25.93,136,38
231,2013-06-03 09:14:24,539.5,35.09,82.32,26.0,138,39
232,2013-06-03 09:16:48,547.6,35.61,82.58,26.06,140,39
233,2013-06-03 09:19:12,555.6,36.12,82.83,26.13,142,40
234,2013-06-03 09:21:36,563.7,36.64,83.09,26.2,144,41
235,2013-06-03 09:24:00,571.8,37.16,83.34,26.27,146,41
236,2013-06-03 09:26:24,579.9,37.68,83.6,26.34,148,42
237,2013-06-03 09:28:48,588.0,38.19,83.85,26.41,150,42
238,2013-06-03 09:31:12,596.0,38.71,84.11,26.48,152,43
239,2013-06-03 09:33:36,604.1,39.23,84.36,26.55,154,43
240,2013-06-03 09:36:00,612.2,39.74,84.62,26.62,156,44
241,2013-06-03 09:38:24,620.3,40.26,84.87,26.69,158,45
242,2013-06-03 09:40:48,628.4,40.78,85.13,26.76,160,45
243,2013-06-03 09:43:12,636.4,41.3,85.38,26.83,162,46
244,2013-06-03 09:45:36,644.5,41.81,85.64,26.89,164,46
245,2013-06-03 09:48:00,652.6,42.33,85.9,26.96,166,47
246,2013-06-03 09:50:24,660.7,42.85,86.15,27.03,168,47
247,2013-06-03 09:52:48,668.8,43.37,86.41,27.1,171,48
248,2013-06-03 09:55:12,676.8,43.88,86.66,27.17,173,49
249,2013-06-03 09:57:36,684.9,44.4,86.92,27.24,175,49
250,2013-06-03 10:00:00,693.0,44.92,87.17,27.31,177,50
251,2013-06-03 10:02:24,699.6,45.44,87.48,27.37,178,50
252,2013-06-03 10:04:48,706.1,45.96,87.79,27.43,180,51
253,2013-06-03 10:07:12,712.7,46.48,88.1,27.49,182,51
254,2013-06-03 10:09:36,719.2,47.0,88.42,27.54,183,52
255,2013-06-03 10:12:00,725.8,47.52,88.73,27.6,185,53
256,2013-06-03 10:14:24,732.4,48.04,89.04,27.66,187,53
257,2013-06-03 10:16:48,738.9,48.56,89.35,27.72,188,54
258,2013-06-03 10:19:12,745.5,49.08,89.66,27.78,190,54
259,2013-06-03 10:21:36,752.0,49.6,89.97,27.84,192,55
260,2013-06-03 10:24:00,758.6,50.12,90.28,27.89,193,55
261,2013-06-03 10:26:24,765.2,50.64,90.59,27.95,195,56
262,2013-06-03 10:28:48,771.7,51.16,90.9,28.01,197,57
263,2013-06-03 10:31:12,778.3,51.68,91.21,28.07,198,57
264,2013-06-03 10:33:36,784.8,52.2,91.52,28.13,200,58
265,2013-06-03 10:36:00,791.4,52.72,91.83,28.19,202,58
266,2013-06-03 10:38:24,798.0,53.24,92.15,28.24,203,59
267,2013-06-03 10:40:48,804.5,53.76,92.46,28.3,205,59
268,2013-06-03 10:43:12,811.1,54.28,92.77,28.36,207,60
269,2013-06-03 10:45:36,817.6,54.8,93.08,28.42,208,61
270,2013-06-03 10:48:00,824.2,55.32,93.39,28.48,210,61
271,2013-06-03 10:50:24,830.8,55.84,93.7,28.54,212,62
272,2013-06-03 10:52:48,837.3,56.36,94.01,28.59,214,62
273,2013-06-03 10:55:12,843.9,56.88,94.32,28.65,215,63
274,2013-06-03 10:57:36,850.4,57.4,94.63,28.71,217,63
275,2013-06-03 11:00:00,857.0,57.92,94.94,28.77,219,64
276,2013-06-03 11:02:24,861.5,58.43,95.46,28.83,220,65
277,2013-06-03 11:04:48,866.0,58.94,95.97,28.89,221,65
278,2013-06-03 11:07:12,870.4,59.45,96.48,28.95,222,66
279,2013-06-03 11:09:36,874.9,59.97,96.99,29.01,223,66
280,2013-06-03 11:12:00,879.4,60.48,97.51,29.06,224,67
281,2013-06-03 11:14:24,883.9,60.99,98.02,29.12,225,67
282,2013-06-03 11:16:48,888.4,61.5,98.53,29.18,227,68
283,2013-06-03 11:19:12,892.8,62.01,99.04,29.24,228,69
284,2013-06-03 11:21:36,897.3,62.52,99.56,29.3,229,69
285,2013-06-03 11:24:00,901.8,63.03,100.07,29.36,230,70
286,2013-06-03 11:26:24,906.3,63.54,100.58,29.42,231,70
287,2013-06-03 11:28:48,910.8,64.05,101.09,29.48,232,71
288,2013-06-03 11:31:12,915.2,64.56,101.61,29.53,233,71
289,2013-06-03 11:33:36,919.7,65.07,102.12,29.59,235,72
290,2013-06-03 11:36:00,924.2,65.58,102.63,29.65,236,72
291,2013-06-03 11:38:24,928.7,66.09,103.14,29.71,237,73
292,2013-06-03 11:40:48,933.2,66.61,103.66,29.77,238,74
293,2013-06-03 11:43:12,937.6,67.12,104.17,29.83,239,74
294,2013-06-03 11:45:36,942.1,67.63,104.68,29.89,240,75
295,2013-06-03 11:48:00,946.6,68.14,105.19,29.95,241,75
296,2013-06-03 11:50:24,951.1,68.65,105.71,30.0,243,76
297,2013-06-03 11:52:48,955.6,69.16,106.22,30.06,244,76
298,2013-06-03 11:55:12,960.0,69.67,106.73,30.12,245,77
299,2013-06-03 11:57:36,964.5,70.18,107.24,30.18,246,78
300,2013-06-03 12:00:00,969.0,70.69,107.75,30.24,247,78
301,2013-06-03 12:02:24,971.0,71.12,109.36,30.3,248,79
302,2013-06-03 12:04:48,973.1,71.55,110.97,30.36,248,79
303,2013-06-03 12:07:12,975.1,71.98,112.58,30.42,249,80
304,2013-06-03 12:09:36,977.2,72.41,114.18,30.48,249,80
305,2013-06-03 12:12:00,979.2,72.84,115.79,30.54,250,81
306,2013-06-03 12:14:24,981.2,73.27,117.4,30.6,250,81
307,2013-06-03 12:16:48,983.3,73.69,119.0,30.65,251,81
308,2013-06-03 12:19:12,985.3,74.12,120.61,30.71,251,82
309,2013-06-03 12:21:36,987.4,74.55,122.22,30.77,252,82
310,2013-06-03 12:24:00,989.4,74.98,123.83,30.83,252,83
311,2013-06-03 12:26:24,991.4,75.41,125.43,30.89,253,83
312,2013-06-03 12:28:48,993.5,75.84,127.04,30.95,253,84
313,2013-06-03 12:31:12,995.5,76.27,128.65,31.01,254,84
314,2013-06-03 12:33:36,997.6,76.7,130.25,31.07,254,85
315,2013-06-03 12:36:00,999.6,77.13,131.86,31.13,255,85
316,2013-06-03 12:38:24,1001.6,77.55,133.47,31.19,255,86
317,2013-06-03 12:40:48,1003.7,77.98,135.08,31.25,255,86
318,2013-06-03 12:43:12,1005.7,78.41,136.68,31.31,255,87
319,2013-06-03 12:45:36,1007.8,78.84,138.29,31.36,255,87
320,2013-06-03 12:48:00,1009.8,79.27,139.9,31.42,255,88
321,2013-06-03 12:50:24,1011.8,79.7,141.5,31.48,255,88
322,2013-06-03 12:52:48,1013.9,80.13,143.11,31.54,255,89
323,2013-06-03 12:55:12,1015.9,80.56,144.72,31.6,255,89
324,2013-06-03 12:57:36,1018.0,80.99,146.33,31.66,255,90
325,2013-06-03 13:00:00,1020.0,81.42,147.93,31.72,255,90
326,2013-06-03 13:02:24,1019.5,81.29,151.34,31.76,255,90
327,2013-06-03 13:04:48,1019.0,81.17,154.75,31.8,255,90
328,2013-06-03 13:07:12,1018.4,81.05,158.16,31.84,255,90
329,2013-06-03 13:09:36,1017.9,80.92,161.58,31.88,255,89
330,2013-06-03 13:12:00,1017.4,80.8,164.99,31.93,255,89
331,2013-06-03 13:14:24,1016.9,80.68,168.4,31.97,255,89
332,2013-06-03 13:16:48,1016.4,80.56,171.81,32.01,255,89
333,2013-06-03 13:19:12,1015.8,80.43,175.22,32.05,255,89
334,2013-06-03 13:21:36,1015.3,80.31,178.63,32.09,255,89
335,2013-06-03 13:24:00,1014.8,80.19,182.04,32.13,255,91
336,2013-06-03 13:26:24,1014.3,80.06,185.45,32.17,255,91
337,2013-06-03 13:28:48,1013.8,79.94,188.86,32.21,255,92
338,2013-06-03 13:31:12,1013.2,79.82,192.27,32.26,255,92
339,2013-06-03 13:33:36,1012.7,79.7,195.68,32.3,255,92
340,2013-06-03 13:36:00,1012.2,79.57,199.09,32.34,255,92
341,2013-06-03 13:38:24,1011.7,79.45,202.5,32.38,255,92
342,2013-06-03 13:40:48,1011.2,79.33,205.91,32.42,255,92
343,2013-06-03 13:43:12,1010.6,79.2,209.33,32.46,255,92
344,2013-06-03 13:45:36,1010.1,79.08,212.74,32.5,255,93
345,2013-06-03 13:48:00,1009.6,78.96,216.15,32.54,255,93
346,2013-06-03 13:50:24,1009.1,78.84,219.56,32.59,255,93
347,2013-06-03 13:52:48,1008.6,78.71,222.97,32.63,255,93
348,2013-06-03 13:55:12,1008.0,78.59,226.38,32.67,255,93
349,2013-06-03 13:57:36,1007.5,78.47,229.79,32.71,255,93
350,2013-06-03 14:00:00,1007.0,78.34,233.2,32.75,255,93
351,2013-06-03 14:02:24,1004.0,77.87,234.18,32.79,255,94
352,2013-06-03 14:04:48,1000.9,77.39,235.17,32.82,255,94
353,2013-06-03 14:07:12,997.9,76.91,236.15,32.86,254,95
354,2013-06-03 14:09:36,994.8,76.43,237.14,32.9,254,96
355,2013-06-03 14:12:00,991.8,75.95,238.12,32.94,253,96
356,2013-06-03 14:14:24,988.8,75.47,239.1,32.97,252,97
357,2013-06-03 14:16:48,985.7,74.99,240.09,33.01,251,97
358,2013-06-03 14:19:12,982.7,74.51,241.07,33.05,251,98
359,2013-06-03 14:21:36,979.6,74.03,242.05,33.08,250,98
360,2013-06-03 14:24:00,976.6,73.55,243.04,33.12,249,99
361,2013-06-03 14:26:24,973.6,73.08,244.02,33.16,248,99
362,2013-06-03 14:28:48,970.5,72.6,245.0,33.2,247,100
363,2013-06-03 14:31:12,967.5,72.12,245.99,33.23,247,100
364,2013-06-03 14:33:36,964.4,71.64,246.97,33.27,246,101
365,2013-06-03 14:36:00,961.4,71.16,247.95,33.31,245,101
366,2013-06-03 14:38:24,958.4,70.68,248.94,33.35,244,102
367,2013-06-03 14:40:48,955.3,70.2,249.92,33.38,244,102
368,2013-06-03 14:43:12,952.3,69.72,250.91,33.42,243,103
369,2013-06-03 14:45:36,949.2,69.24,251.89,33.46,242,103
370,2013-06-03 14:48:00,946.2,68.76,252.87,33.49,241,104
371,2013-06-03 14:50:24,943.2,68.29,253.86,33.53,241,105
372,2013-06-03 14:52:48,940.1,67.81,254.84,33.57,240,105
373,2013-06-03 14:55:12,937.1,67.33,255.82,33.61,239,106
374,2013-06-03 14:57:36,934.0,66.85,256.81,33.64,238,106
375,2013-06-03 15:00:00,931.0,66.37,257.79,33.68,237,107
376,2013-06-03 15:02:24,925.6,65.85,258.2,33.71,236,107
377,2013-06-03 15:04:48,920.3,65.34,258.61,33.73,235,108
378,2013-06-03 15:07:12,914.9,64.82,259.02,33.76,233,108
379,2013-06-03 15:09:36,909.6,64.3,259.43,33.78,232,109
380,2013-06-03 15:12:00,904.2,63.79,259.84,33.81,231,109
381,2013-06-03 15:14:24,898.8,63.27,260.25,33.83,229,110
382,2013-06-03 15:16:48,893.5,62.76,260.66,33.86,228,111
383,2013-06-03 15:19:12,888.1,62.24,261.08,33.88,226,111
384,2013-06-03 15:21:36,882.8,61.72,261.49,33.91,225,112
385,2013-06-03 15:24:00,877.4,61.21,261.9,33.93,224,112
386,2013-06-03 15:26:24,872.0,60.69,262.31,33.96,222,113
387,2013-06-03 15:28:48,866.7,60.17,262.72,33.98,221,113
388,2013-06-03 15:31:12,861.3,59.66,263.13,34.01,220,114
389,2013-06-03 15:33:36,856.0,59.14,263.54,34.03,218,115
390,2013-06-03 15:36:00,850.6,58.62,263.95,34.06,217,115
391,2013-06-03 15:38:24,845.2,58.11,264.36,34.08,216,116
392,2013-06-03 15:40:48,839.9,57.59,264.77,34.11,214,116
393,2013-06-03 15:43:12,834.5,57.07,265.18,34.13,213,117
394,2013-06-03 15:45:36,829.2,56.56,265.59,34.16,211,117
395,2013-06-03 15:48:00,823.8,56.04,266.0,34.18,210,118
396,2013-06-03 15:50:24,818.4,55.53,266.41,34.21,209,119
397,2013-06-03 15:52:48,813.1,55.01,266.82,34.23,207,119
398,2013-06-03 15:55:12,807.7,54.49,267.23,34.26,206,120
399,2013-06-03 15:57:36,802.4,53.98,267.64,34.28,205,120
400,2013-06-03 16:00:00,797.0,53.46,268.06,34.31,203,121
401,2013-06-03 16:02:24,789.9,52.94,268.34,34.32,201,121
402,2013-06-03 16:04:48,782.8,52.42,268.62,34.33,200,122
403,2013-06-03 16:07:12,775.6,51.9,268.91,34.34,198,123
404,2013-06-03 16:09:36,768.5,51.38,269.19,34.35,196,123
405,2013-06-03 16:12:00,761.4,50.86,269.47,34.37,194,124
406,2013-06-03 16:14:24,754.3,50.34,269.76,34.38,192,124
407,2013-06-03 16:16:48,747.2,49.82,270.04,34.39,191,125
408,2013-06-03 16:19:12,740.0,49.3,270.32,34.4,189,126
409,2013-06-03 16:21:36,732.9,48.78,270.61,34.41,187,126
410,2013-06-03 16:24:00,725.8,48.26,270.89,34.42,185,127
411,2013-06-03 16:26:24,718.7,47.74,271.18,34.43,183,127
412,2013-06-03 16:28:48,711.6,47.22,271.46,34.44,181,128
413,2013-06-03 16:31:12,704.4,46.7,271.74,34.46,180,128
414,2013-06-03 16:33:36,697.3,46.18,272.03,34.47,178,129
415,2013-06-03 16:36:00,690.2,45.66,272.31,34.48,176,130
416,2013-06-03 16:38:24,683.1,45.14,272.59,34.49,174,130
417,2013-06-03 16:40:48,676.0,44.62,272.88,34.5,172,131
418,2013-06-03 16:43:12,668.8,44.1,273.16,34.51,171,131
419,2013-06-03 16:45:36,661.7,43.58,273.45,34.52,169,132
420,2013-06-03 16:48:00,654.6,43.06,273.73,34.53,167,132
421,2013-06-03 16:50:24,647.5,42.54,274.01,34.55,165,133
422,2013-06-03 16:52:48,640.4,42.02,274.3,34.56,163,134
423,2013-06-03 16:55:12,633.2,41.5,274.58,34.57,161,134
424,2013-06-03 16:57:36,626.1,40.98,274.86,34.58,160,135
425,2013-06-03 17:00:00,619.0,40.46,275.15,34.59,158,135
426,2013-06-03 17:02:24,610.7,39.95,275.4,34.58,156,136
427,2013-06-03 17:04:48,602.4,39.43,275.65,34.56,154,136
428,2013-06-03 17:07:12,594.2,38.92,275.89,34.55,152,137
429,2013-06-03 17:09:36,585.9,38.4,276.14,34.54,149,138
430,2013-06-03 17:12:00,577.6,37.89,276.39,34.52,147,138
431,2013-06-03 17:14:24,569.3,37.38,276.64,34.51,145,139
432,2013-06-03 17:16:48,561.0,36.86,276.89,34.49,143,139
433,2013-06-03 17:19:12,552.8,36.35,277.14,34.48,141,140
434,2013-06-03 17:21:36,544.5,35.83,277.39,34.47,139,140
435,2013-06-03 17:24:00,536.2,35.32,277.63,34.45,137,141
436,2013-06-03 17:26:24,527.9,34.8,277.88,34.44,135,142
437,2013-06-03 17:28:48,519.6,34.29,278.13,34.43,133,142
438,2013-06-03 17:31:12,511.4,33.77,278.38,34.41,130,143
439,2013-06-03 17:33:36,503.1,33.26,278.63,34.4,128,143
440,2013-06-03 17:36:00,494.8,32.74,278.88,34.39,126,144
441,2013-06-03 17:38:24,486.5,32.23,279.13,34.37,124,144
442,2013-06-03 17:40:48,478.2,31.72,279.37,34.36,122,145
443,2013-06-03 17:43:12,470.0,31.2,279.62,34.35,120,146
444,2013-06-03 17:45:36,461.7,30.69,279.87,34.33,118,146
445,2013-06-03 17:48:00,453.4,30.17,280.12,34.32,116,147
446,2013-06-03 17:50:24,445.1,29.66,280.37,34.3,114,147
447,2013-06-03 17:52:48,436.8,29.14,280.62,34.29,111,148
448,2013-06-03 17:55:12,428.6,28.63,280.87,34.28,109,148
449,2013-06-03 17:57:36,420.3,28.11,281.12,34.26,107,149
450,2013-06-03 18:00:00,412.0,27.6,281.36,34.25,105,149
451,2013-06-03 18:02:24,403.5,27.1,281.61,34.19,103,150
452,2013-06-03 18:04:48,395.0,26.59,281.86,34.13,101,151
453,2013-06-03 18:07:12,386.6,26.09,282.11,34.07,99,151
454,2013-06-03 18:09:36,378.1,25.59,282.36,34.01,96,152
455,2013-06-03 18:12:00,369.6,25.08,282.61,33.95,94,152
456,2013-06-03 18:14:24,361.1,24.58,282.85,33.89,92,153
457,2013-06-03 18:16:48,352.6,24.08,283.1,33.82,90,153
458,2013-06-03 18:19:12,344.2,23.58,283.35,33.76,88,154
459,2013-06-03 18:21:36,335.7,23.07,283.6,33.7,86,154
460,2013-06-03 18:24:00,327.2,22.57,283.85,33.64,83,155
461,2013-06-03 18:26:24,318.7,22.07,284.1,33.58,81,156
462,2013-06-03 18:28:48,310.2,21.56,284.35,33.52,79,156
463,2013-06-03 18:31:12,301.8,21.06,284.59,33.46,77,157
464,2013-06-03 18:33:36,293.3,20.56,284.84,33.4,75,157
465,2013-06-03 18:36:00,284.8,20.06,285.09,33.34,73,158
466,2013-06-03 18:38:24,276.3,19.55,285.34,33.28,70,158
467,2013-06-03 18:40:48,267.8,19.05,285.59,33.22,68,159
468,2013-06-03 18:43:12,259.4,18.55,285.84,33.16,66,159
469,2013-06-03 18:45:36,250.9,18.04,286.08,33.09,64,160
470,2013-06-03 18:48:00,242.4,17.54,286.33,33.03,62,161
471,2013-06-03 18:50:24,233.9,17.04,286.58,32.97,60,161
472,2013-06-03 18:52:48,225.4,16.54,286.83,32.91,57,162
473,2013-06-03 18:55:12,217.0,16.03,287.08,32.85,55,162
474,2013-06-03 18:57:36,208.5,15.53,287.33,32.79,53,163
475,2013-06-03 19:00:00,200.0,15.03,287.57,32.73,51,163
476,2013-06-03 19:02:24,192.0,14.55,287.84,32.61,49,164
477,2013-06-03 19:04:48,184.0,14.07,288.11,32.49,47,164
478,2013-06-03 19:07:12,176.0,13.59,288.38,32.37,45,165
479,2013-06-03 19:09:36,168.0,13.11,288.65,32.25,43,166
480,2013-06-03 19:12:00,160.0,12.63,288.92,32.13,41,166
481,2013-06-03 19:14:24,152.0,12.15,289.19,32.01,39,167
482,2013-06-03 19:16:48,144.0,11.67,289.46,31.9,37,167
483,2013-06-03 19:19:12,136.0,11.19,289.73,31.78,35,168
484,2013-06-03 19:21:36,128.0,10.71,290.0,31.66,33,168
485,2013-06-03 19:24:00,120.0,10.23,290.27,31.54,31,169
486,2013-06-03 19:26:24,112.0,9.76,290.54,31.42,29,169
487,2013-06-03 19:28:48,104.0,9.28,290.81,31.3,27,170
488,2013-06-03 19:31:12,96.0,8.8,291.08,31.18,24,170
489,2013-06-03 19:33:36,88.0,8.32,291.35,31.06,22,171
490,2013-06-03 19:36:00,80.0,7.84,291.62,30.94,20,171
491,2013-06-03 19:38:24,72.0,7.36,291.89,30.82,18,172
492,2013-06-03 19:40:48,64.0,6.88,292.16,30.7,16,172
493,2013-06-03 19:43:12,56.0,6.4,292.43,30.58,14,173
494,2013-06-03 19:45:36,48.0,5.92,292.7,30.47,12,173
495,2013-06-03 19:48:00,40.0,5.44,292.98,30.35,10,174
496,2013-06-03 19:50:24,32.0,4.96,293.25,30.23,8,175
497,2013-06-03 19:52:48,24.0,4.48,293.52,30.11,6,175
498,2013-06-03 19:55:12,16.0,4.0,293.79,29.99,4,176
499,2013-06-03 19:57:36,8.0,3.53,294.06,29.87,2,176
500,2013-06-03 20:00:00,0.0,3.05,294.33,29.75,0,177
501,2013-06-03 20:02:24,0.0,2.58,294.64,29.65,0,177
502,2013-06-03 20:04:48,0.0,2.11,294.95,29.54,0,178
503,2013-06-03 20:07:12,0.0,1.64,295.26,29.44,0,178
504,2013-06-03 20:09:36,0.0,1.17,295.57,29.34,0,179
505,2013-06-03 20:12:00,0.0,0.7,295.88,29.23,0,179
506,2013-06-03 20:14:24,0.0,0.24,296.2,29.13,0,180
507,2013-06-03 20:16:48,0.0,-0.23,296.51,29.02,0,180
508,2013-06-03 20:19:12,0.0,-0.7,296.82,28.92,0,180
509,2013-06-03 20:21:36,0.0,-1.17,297.13,28.82,0,180
510,2013-06-03 20:24:00,0.0,-1.64,297.44,28.71,0,180
511,2013-06-03 20:26:24,0.0,-2.11,297.76,28.61,0,180
512,2013-06-03 20:28:48,0.0,-2.57,298.07,28.51,0,180
513,2013-06-03 20:31:12,0.0,-3.04,298.38,28.4,0,180
514,2013-06-03 20:33:36,0.0,-3.51,298.69,28.3,0,180
515,2013-06-03 20:36:00,0.0,-3.98,299.0,28.2,0,180
516,2013-06-03 20:38:24,0.0,-4.45,299.31,28.09,0,180
517,2013-06-03 20:40:48,0.0,-4.92,299.63,27.99,0,180
518,2013-06-03 20:43:12,0.0,-5.38,299.94,27.89,0,180
519,2013-06-03 20:45:36,0.0,-5.85,300.25,27.78,0,180
520,2013-06-03 20:48:00,0.0,-6.32,300.56,27.68,0,180
521,2013-06-03 20:50:24,0.0,-6.79,300.87,27.57,0,180
522,2013-06-03 20:52:48,0.0,-7.26,301.19,27.47,0,180
523,2013-06-03 20:55:12,0.0,-7.73,301.5,27.37,0,180
524,2013-06-03 20:57:36,0.0,-8.19,301.81,27.26,0,180
525,2013-06-03 21:00:00,0.0,-8.66,302.12,27.16,0,180
526,2013-06-03 21:02:24,0.0,-9.08,302.5,27.11,0,180
527,2013-06-03 21:04:48,0.0,-9.5,302.87,27.05,0,180
528,2013-06-03 21:07:12,0.0,-9.91,303.25,27.0,0,180
529,2013-06-03 21:09:36,0.0,-10.33,303.63,26.95,0,180
530,2013-06-03 21:12:00,0.0,-10.75,304.0,26.9,0,180
531,2013-06-03 21:14:24,0.0,-11.16,304.38,26.84,0,180
532,2013-06-03 21:16:48,0.0,-11.58,304.76,26.79,0,180
533,2013-06-03 21:19:12,0.0,-12.0,305.13,26.74,0,180
534,2013-06-03 21:21:36,0.0,-12.42,305.51,26.68,0,180
535,2013-06-03 21:24:00,0.0,-12.83,305.89,26.63,0,180
536,2013-06-03 21:26:24,0.0,-13.25,306.26,26.58,0,180
537,2013-06-03 21:28:48,0.0,-13.67,306.64,26.53,0,180
538,2013-06-03 21:31:12,0.0,-14.08,307.02,26.47,0,180
539,2013-06-03 21:33:36,0.0,-14.5,307.39,26.42,0,180
540,2013-06-03 21:36:00,0.0,-14.92,307.77,26.37,0,180
541,2013-06-03 21:38:24,0.0,-15.34,308.15,26.32,0,180
542,2013-06-03 21:40:48,0.0,-15.75,308.52,26.26,0,180
543,2013-06-03 21:43:12,0.0,-16.17,308.9,26.21,0,180
544,2013-06-03 21:45:36,0.0,-16.59,309.28,26.16,0,180
545,2013-06-03 21:48:00,0.0,-17.0,309.65,26.1,0,180
546,2013-06-03 21:50:24,0.0,-17.42,310.03,26.05,0,180
547,2013-06-03 21:52:48,0.0,-17.84,310.41,26.0,0,180
548,2013-06-03 21:55:12,0.0,-18.26,310.78,25.95,0,180
549,2013-06-03 21:57:36,0.0,-18.67,311.16,25.89,0,180
550,2013-06-03 22:00:00,0.0,-19.09,311.54,25.84,0,180
551,2013-06-03 22:02:24,0.0,-19.44,312.0,25.81,0,180
552,2013-06-03 22:04:48,0.0,-19.8,312.47,25.78,0,180
553,2013-06-03 22:07:12,0.0,-20.15,312.94,25.75,0,180
554,2013-06-03 22:09:36,0.0,-20.5,313.4,25.72,0,180
555,2013-06-03 22:12:00,0.0,-20.86,313.87,25.69,0,180
556,2013-06-03 22:14:24,0.0,-21.21,314.34,25.66,0,180
557,2013-06-03 22:16:48,0.0,-21.56,314.8,25.63,0,180
558,2013-06-03 22:19:12,0.0,-21.92,315.27,25.6,0,180
559,2013-06-03 22:21:36,0.0,-22.27,315.74,25.57,0,180
560,2013-06-03 22:24:00,0.0,-22.62,316.2,25.54,0,180
561,2013-06-03 22:26:24,0.0,-22.98,316.67,25.51,0,180
562,2013-06-03 22:28:48,0.0,-23.33,317.13,25.48,0,180
563,2013-06-03 22:31:12,0.0,-23.68,317.6,25.45,0,180
564,2013-06-03 22:33:36,0.0,-24.04,318.07,25.42,0,180
565,2013-06-03 22:36:00,0.0,-24.39,318.53,25.39,0,180
566,2013-06-03 22:38:24,0.0,-24.74,319.0,25.36,0,180
567,2013-06-03 22:40:48,0.0,-25.1,319.47,25.33,0,180
568,2013-06-03 22:43:12,0.0,-25.45,319.93,25.3,0,180
569,2013-06-03 22:45:36,0.0,-25.8,320.4,25.27,0,180
570,2013-06-03 22:48:00,0.0,-26.16,320.87,25.24,0,180
571,2013-06-03 22:50:24,0.0,-26.51,321.33,25.21,0,180
572,2013-06-03 22:52:48,0.0,-26.86,321.8,25.18,0,180
573,2013-06-03 22:55:12,0.0,-27.22,322.27,25.15,0,180
574,2013-06-03 22:57:36,0.0,-27.57,322.73,25.12,0,180
575,2013-06-03 23:00:00,0.0,-27.93,323.2,25.09,0,180
576,2013-06-03 23:02:24,0.0,-27.93,323.2,25.09,0,180
577,2013-06-03 23:04:48,0.0,-27.93,323.2,25.09,0,180
578,2013-06-03 23:07:12,0.0,-27.93,323.2,25.09,0,180
579,2013-06-03 23:09:36,0.0,-27.93,323.2,25.09,0,180
580,2013-06-03 23:12:00,0.0,-27.93,323.2,25.09,0,180
581,2013-06-03 23:14:24,0.0,-27.93,323.2,25.09,0,180
582,2013-06-03 23:16:48,0.0,-27.93,323.2,25.09,0,180
583,2013-06-03 23:19:12,0.0,-27.93,323.2,25.09,0,180
584,2013-06-03 23:21:36,0.0,-27.93,323.2,25.09,0,180
585,2013-06-03 23:24:00,0.0,-27.93,323.2,25.09,0,180
586,2013-06-03 23:26:24,0.0,-27.93,323.2,25.09,0,180
587,2013-06-03 23:28:48,0.0,-27.93,323.2,25.09,0,180
588,2013-06-03 23:31:12,0.0,-27.93,323.2,25.09,0,180
589,2013-06-03 23:33:36,0.0,-27.93,323.2,25.09,0,180
590,2013-06-03 23:36:00,0.0,-27.93,323.2,25.09,0,180
591,2013-06-03 23:38:24,0.0,-27.93,323.2,25.09,0,180
592,2013-06-03 23:40:48,0.0,-27.93,323.2,25.09,0,180
593,2013-06-03 23:43:12,0.0,-27.93,323.2,25.09,0,180
594,2013-06-03 23:45:36,0.0,-27.93,323.2,25.09,0,180
595,2013-06-03 23:48:00,0.0,-27.93,323.2,25.09,0,180
596,2013-06-03 23:50:24,0.0,-27.93,323.2,25.09,0,180
597,2013-06-03 23:52:48,0.0,-27.93,323.2,25.09,0,180
598,2013-06-03 23:55:12,0.0,-27.93,323.2,25.09,0,180
599,2013-06-03 23:57:36,0.0,-27.93,323.2,25.09,0,180
